n_features,n_targets,n_total,n_train,n_test,dataset,mean_rho
25768,8000,220,176,44,FRANZOSA_IBD_2019,0.42432318482319237
30684,276,287,229,58,WANG_ESRD_2020,0.28049333941414667
25507,339,96,76,20,ERAWIJANTARI_GASTRIC_CANCER_2020,0.18513588233559447
25117,341,347,277,70,YACHIDA_CRC_2019,0.24014053845779904
