dataset,n_total,n_train,n_test,n_features,n_targets,mean_spearman_rho,well_predicted_rho_ge_0_3,best_rho,best_val_loss,best_model_path
ERAWIJANTARI_GASTRIC_CANCER_2020,96,76,20,25507,339,0.22968388660730954,129,0.7544417106824778,0.3772076964378357,saved_models\best_bert_wide_ERAWIJANTARI_GASTRIC_CANCER_2020.pth
FRANZOSA_IBD_2019,220,176,44,25768,8848,0.4371872530373681,6692,0.887056829538527,0.3597407639026642,saved_models\best_bert_wide_FRANZOSA_IBD_2019.pth
WANG_ESRD_2020,287,229,58,30684,276,0.2867551505246485,150,0.6873481189824356,0.3200586438179016,saved_models\best_bert_wide_WANG_ESRD_2020.pth
YACHIDA_CRC_2019,347,277,70,25117,341,0.230964180406438,117,0.7102874428316807,0.36922842264175415,saved_models\best_bert_wide_YACHIDA_CRC_2019.pth
