-_2-Hydroxyisobutyrate,-_2-Hydroxyoctanoate,-_2-Hydroxypentanoate,-_3-Indoxyl sulfate,-_Cysteine-glutathione disulphide,-_Cysteine-glutathione disulphide -Divalent,-_N-Acetylvaline,"-_N1,N8-Diacetylspermidine",-_Ophthalmate,-_Phe-Phe
0.0,0.0,6.301898610483335,0.0,0.0,0.0,3.750414449884812,3.9220895616060973,0.0,0.0
0.0,0.0,6.354563658400078,0.0,0.0,1.3288923096321124,2.7804672499744165,2.2458929774789564,4.544170548568345,0.0
0.0,0.0,0.0,0.0,0.0,0.0,0.0,2.3744318540214717,1.8346520066940448,0.0
0.0,0.0,6.142388717418515,0.0,0.0,1.3365805741797376,0.0,2.6052727206089057,2.440437736426153,0.0
0.0,0.0,0.0,0.0,2.163323025660538,0.0,0.0,2.995732273553991,0.0,0.0
